scenario,baseline_EtOH,peak_EtOH,peak_alpha,fold_change
nominal,17.0,19.67077961218176,0.5,1.1571046830695153
AS-1,17.0,17.858434633662725,0.15000000000000002,1.0504961549213367
AS-2,17.0,19.673058253140734,0.5,1.1572387207729844
AS-3,17.0,17.920976250148275,0.45,1.0541750735381339
